???????,???
0,2
1,2
2,2
3,2
4,1
5,2
6,2
7,0
8,1
9,1
10,6
11,0
12,0
13,6
14,2
15,2
16,2
17,2
18,2
19,2
20,0
21,6
22,2
23,6
24,2
25,2
26,2
27,2
28,1
29,1
30,2
31,7
32,2
33,2
34,2
35,2
36,6
37,7
38,3
39,2
40,2
41,2
42,7
43,3
44,2
45,0
46,0
47,2
48,7
49,1
50,4
51,4
52,2
53,2
54,6
55,5
56,2
57,2
58,1
59,2
60,2
61,0
62,0
63,2
64,2
65,2
66,2
67,2
68,0
69,1
70,0
71,2
72,2
73,0
74,2
75,2
76,0
77,2
78,7
79,2
80,7
81,2
82,2
83,2
84,2
85,2
86,2
87,2
88,2
89,2
90,1
91,2
92,2
93,2
94,2
95,2
96,2
97,2
98,2
99,2
100,7
101,2
102,2
103,6
104,0
105,2
106,0
107,1
108,2
109,2
110,2
111,2
112,2
113,0
114,2
115,2
116,6
117,2
118,1
119,2
120,1
121,2
122,7
123,2
124,2
125,1
126,1
127,2
128,2
129,2
130,2
131,1
132,2
133,4
134,1
135,0
136,7
137,0
138,4
139,7
140,2
141,2
142,3
143,2
144,7
145,2
146,2
147,2
148,2
149,4
150,2
151,0
152,2
153,3
154,2
155,1
156,2
157,1
158,1
159,2
160,0
161,1
162,2
163,2
164,2
165,2
166,4
167,2
168,1
169,2
170,7
171,2
172,1
173,2
174,2
175,0
176,2
177,7
178,6
179,1
180,7
181,1
182,2
183,6
184,2
185,2
186,1
187,2
188,2
189,2
190,2
191,2
192,1
193,7
194,7
195,2
196,2
197,2
198,7
199,2
200,2
201,2
202,1
203,7
204,2
205,5
206,1
207,2
208,2
209,2
210,2
211,2
212,2
213,2
214,2
215,6
216,2
217,7
218,7
219,7
220,7
221,1
222,2
223,3
224,1
225,7
226,2
227,2
228,2
229,7
230,1
231,4
232,1
233,2
234,7
235,2
236,2
237,6
238,6
239,2
240,2
241,1
242,2
243,6
244,2
245,2
246,1
247,7
248,4
249,2
250,2
251,2
252,7
253,7
254,2
255,7
256,6
257,2
258,2
259,2
260,2
261,2
262,2
263,0
264,1
265,1
266,2
267,1
268,6
269,2
270,1
271,2
272,2
273,2
274,0
275,2
276,7
277,2
278,7
279,2
280,0
281,7
282,7
283,2
284,7
285,2
286,1
287,2
288,0
289,2
290,2
291,0
292,1
293,2
294,2
295,2
296,2
297,2
298,2
299,2
300,1
301,1
302,2
303,2
304,2
305,0
306,4
307,1
308,7
309,1
310,7
311,2
312,1
313,7
314,2
315,2
316,2
317,7
318,2
319,7
320,2
321,2
322,2
323,1
324,7
325,2
326,0
327,1
328,2
329,2
330,2
331,2
332,2
333,2
334,2
335,0
336,2
337,1
338,2
339,2
340,0
341,2
342,7
343,7
344,1
345,2
346,2
347,7
348,2
349,0
350,2
351,2
352,7
353,2
354,1
355,2
356,2
357,0
358,2
359,2
360,3
361,2
362,2
363,3
364,2
365,7
366,1
367,2
368,2
369,2
370,2
371,1
372,2
373,2
374,2
375,2
376,1
377,2
377,2
378,2
379,2
380,2
381,6
382,2
383,7
384,2
385,2
386,2
387,7
388,4
389,1
390,2
391,7
392,2
393,2
394,1
395,2
396,2
397,2
398,2
399,7
400,7
401,6
402,2
403,7
404,2
405,2
406,2
406,2
407,7
408,2
409,0
410,2
411,2
412,2
413,6
414,2
415,6
416,2
417,7
418,6
419,2
420,2
421,0
422,1
423,7
424,7
425,2
426,1
427,7
428,2
429,6
430,3
431,2
432,7
433,2
434,2
435,7
436,7
437,2
438,2
439,2
440,0
441,0
442,2
443,3
444,2
445,2
446,2
447,2
448,2
449,7
450,2
451,2
452,2
453,6
454,2
455,7
456,2
457,2
458,1
459,1
460,2
461,7
462,7
463,2
464,1
465,2
466,5
467,2
468,2
469,2
470,2
471,2
472,7
473,0
474,2
475,2
476,2
477,1
478,7
479,1
480,2
481,2
482,7
483,2
484,2
485,2
486,2
487,6
488,0
489,7
490,3
491,0
492,2
493,3
494,2
495,2
496,2
497,2
498,6
499,2
500,2
501,2
502,2
503,2
504,2
505,2
506,2
507,2
508,3
509,2
510,0
511,2
512,6
513,2
514,2
515,0
516,2
517,7
518,2
519,2
520,2
521,2
522,0
523,7
524,1
525,1
526,7
527,2
528,2
529,2
530,1
531,2
532,2
533,1
534,7
535,5
536,7
537,2
538,1
539,2
540,2
541,7
542,4
543,7
544,6
545,0
546,6
547,2
548,7
549,7
550,6
551,7
552,0
553,0
554,1
555,1
556,2
557,2
558,2
559,2
560,7
561,2
562,2
563,2
564,2
565,2
566,2
567,2
568,2
569,2
570,0
571,2
572,2
573,7
574,2
575,2
576,2
577,2
578,2
579,2
580,2
581,2
582,7
583,2
584,0
585,2
586,2
587,2
588,2
589,3
590,2
591,0
592,2
593,2
594,1
595,2
596,2
597,0
598,2
599,2
600,3
601,2
602,2
603,2
604,7
605,7
606,7
607,7
608,2
609,2
610,6
611,7
612,2
613,2
614,7
615,7
616,1
617,2
618,2
619,2
620,2
621,2
622,7
623,1
624,7
625,2
626,7
627,4
628,2
629,2
630,2
631,1
632,2
633,6
634,6
635,2
636,2
637,2
638,2
639,2
640,2
641,2
642,7
643,2
644,6
645,1
646,3
647,0
648,1
649,2
650,1
651,0
652,1
653,2
654,7
655,4
656,2
657,2
658,2
659,2
660,2
661,1
662,7
663,7
664,0
665,2
666,2
667,6
668,7
669,2
670,2
671,2
672,2
673,2
674,2
675,0
676,2
677,1
678,2
679,0
680,3
681,2
682,2
683,2
684,0
685,1
686,0
687,2
688,2
689,6
690,1
691,2
692,2
693,2
694,7
695,2
696,2
697,2
698,1
699,2
700,2
701,2
702,2
703,2
704,7
705,2
706,2
707,2
708,2
709,2
710,0
711,2
712,5
713,2
714,7
715,6
716,2
717,2
718,2
719,1
720,2
721,2
722,7
723,7
724,2
725,7
726,2
727,2
728,0
729,0
730,2
731,2
732,2
733,2
734,2
735,2
736,2
737,2
738,2
739,2
740,2
741,2
742,2
743,2
744,2
745,2
746,7
747,2
748,7
749,2
750,2
751,2
752,2
753,7
754,2
755,2
756,0
757,2
758,2
759,1
760,7
761,2
762,2
763,2
764,2
765,2
766,2
767,2
768,2
769,2
770,2
771,7
772,1
773,2
774,2
775,4
776,2
777,7
778,0
779,1
780,7
781,2
782,2
783,2
784,2
785,2
786,7
787,2
788,0
789,1
790,1
791,2
792,2
793,7
794,2
795,7
796,2
797,2
798,2
799,2
800,2
801,4
802,2
803,2
804,7
805,2
806,2
807,2
808,2
809,2
810,2
811,1
812,2
813,2
814,2
815,7
816,0
817,2
818,7
819,2
820,2
821,2
822,5
823,7
824,1
825,2
826,0
827,6
828,2
829,7
830,2
831,2
832,7
833,7
834,0
835,7
836,6
837,7
838,2
839,7
840,2
841,7
842,2
843,6
844,7
845,2
846,0
847,7
848,0
849,2
850,2
851,2
852,6
853,2
854,7
855,7
856,7
857,2
858,2
859,2
860,2
861,0
862,4
863,2
864,2
865,7
866,7
867,2
868,7
869,2
870,0
871,5
872,2
873,2
874,2
875,2
876,2
877,6
878,2
879,2
880,6
881,2
882,4
883,2
884,2
885,2
886,2
887,2
888,2
889,2
890,7
891,1
892,2
893,2
894,2
895,2
896,7
897,2
898,2
899,0
900,2
901,2
902,2
903,2
904,2
905,2
906,7
907,2
908,2
909,2
910,2
911,2
912,2
913,2
914,2
915,2
916,2
917,6
918,3
919,2
920,0
921,2
922,2
923,7
924,5
925,2
926,2
927,2
928,2
929,2
930,2
931,2
932,2
933,2
934,7
935,6
936,0
937,2
938,2
939,5
940,2
941,2
942,2
943,1
944,1
945,2
946,7
947,2
948,2
949,2
950,2
951,2
952,2
953,7
954,2
955,2
956,0
956,0
957,2
958,2
959,1
960,2
961,2
962,2
963,2
964,2
965,2
966,2
967,2
968,2
969,2
970,2
971,2
972,2
973,2
974,2
975,6
976,2
977,2
978,2
979,2
980,5
981,2
982,2
983,0
984,2
985,7
986,2
987,4
988,2
989,2
990,2
991,0
992,2
993,2
994,2
995,2
996,2
997,2
998,7
999,0
1000,1
1001,5
1002,2
1003,2
1004,7
1005,2
1006,2
1007,7
1008,2
1009,7
1010,2
1011,2
1012,7
1013,1
1014,2
1015,2
1016,2
1017,2
1018,3
1019,2
1020,7
1021,7
1022,7
1023,0
1024,7
1025,6
1026,1
1027,4
1028,7
1029,2
1030,2
1031,2
1032,1
1033,2
1034,2
1035,2
1036,7
1037,2
1038,2
1039,7
1040,7
1041,2
1042,2
1043,1
1044,6
1045,0
1046,2
1047,2
1048,2
1049,2
1050,2
1051,1
1052,7
1053,2
1054,2
1055,2
1056,2
1057,2
1058,2
1059,4
1060,2
1061,2
1062,7
1063,2
1064,2
1065,3
1066,5
1067,2
1068,7
1069,3
1070,2
1071,1
1072,2
1073,2
1074,2
1075,2
1076,2
1077,3
1078,2
1079,2
1080,2
1081,7
1082,2
1083,2
1084,0
1085,7
1086,6
1087,7
1088,2
1089,7
1090,2
1091,2
1092,7
1093,2
1094,4
1095,2
1096,1
1097,0
1098,2
1099,2
1100,3
1101,1
1102,7
1103,2
1104,2
1105,2
1106,2
1107,0
1108,1
1109,1
1110,2
1111,7
1112,2
1113,0
1114,2
1115,0
1116,1
1117,4
1118,1
1119,2
1120,7
1121,4
1122,2
1123,6
1124,2
1125,2
1126,6
1127,0
1128,7
1129,5
1130,1
1131,0
1132,2
1133,1
1134,2
1135,1
1136,7
1137,0
1138,2
1139,0
1140,0
1141,2
1142,2
1143,2
1144,7
1145,5
1146,2
1147,2
1148,2
1149,2
1150,2
1151,7
1152,2
1153,2
1154,2
1155,2
1156,3
1157,7
1158,0
1159,7
1160,2
1161,0
1162,2
1163,7
1164,2
1165,2
1166,2
1167,0
1168,2
1169,0
1170,2
1171,7
1172,7
1173,6
1174,0
1175,2
1176,7
1177,2
1178,3
1179,0
1180,7
1181,2
1182,2
1183,2
1184,1
1185,2
1186,2
1187,4
1188,0
1189,7
1190,2
1191,1
1192,6
1193,7
1194,2
1195,2
1196,1
1197,7
1198,2
1199,2
1200,2
1201,7
1202,2
1203,0
1204,2
1205,7
1206,2
1207,2
1208,1
1209,7
1210,4
1211,2
1212,6
1213,2
1214,2
1215,7
1216,2
1217,6
1218,0
1219,2
1220,2
1221,3
1222,2
1223,3
1224,7
1225,2
1226,1
1227,2
1228,2
1229,2
1230,2
1231,7
1232,2
1233,2
1234,7
1235,2
1236,1
1237,2
1238,1
1239,1
1240,2
1241,6
1242,2
1243,2
1244,2
1245,7
1246,7
1247,2
1248,7
1249,0
1250,7
1251,6
1252,7
1253,2
1254,4
1255,1
1256,1
1257,2
1258,2
1259,7
1260,2
1261,1
1262,2
1263,2
1264,2
1265,6
1266,2
1267,1
1268,2
1269,2
1270,2
1271,2
1272,3
1273,2
1274,2
1275,6
1276,2
1277,2
1278,2
1279,6
1280,2
1281,7
1282,2
1283,2
1284,0
1285,0
1286,2
1287,2
1288,2
1289,2
1290,2
1291,2
1292,2
1293,1
1294,2
1295,2
1296,2
1297,2
1298,2
1299,0
1300,2
1301,1
1302,1
1303,7
1304,1
1305,2
1306,7
1307,1
1308,6
1309,2
1310,7
1311,1
1312,2
1313,1
1314,6
1315,7
1316,2
1317,2
1318,2
1319,2
1320,2
1321,2
1322,7
1323,3
1324,6
1325,2
1326,2
1327,0
1328,4
1329,2
1330,2
1331,7
1332,2
1333,1
1334,7
1335,2
1336,2
1337,1
1338,6
1339,2
1340,2
1341,2
1342,2
1343,2
1344,2
1345,2
1346,4
1347,6
1348,7
1349,0
1350,7
1351,2
1352,2
1353,2
1354,1
1355,1
1356,2
1357,2
1358,2
1359,1
1360,2
1361,0
1362,2
1363,2
1364,2
1365,7
1366,7
1367,2
1368,7
1369,2
1370,2
1371,2
1372,7
1373,2
1374,7
1375,7
1376,2
1377,7
1378,0
1379,3
1380,2
1381,2
1382,2
1383,2
1384,0
1385,7
1386,2
1387,2
1388,2
1389,1
1390,2
1391,2
1392,4
1393,2
1394,2
1395,3
1396,2
1397,2
1398,1
1399,2
1400,0
1401,2
1402,2
1403,2
1404,6
1405,2
1406,2
1407,5
1408,2
1409,2
1410,2
1411,2
1412,0
1413,2
1414,2
1415,2
1416,7
1417,2
1418,2
1419,2
1420,0
1421,2
1422,3
1423,2
1424,6
1425,0
1426,2
1427,2
1428,7
1429,2
1430,1
1431,2
1432,2
1433,1
1434,6
1435,6
1436,2
1437,2
1438,4
1439,6
1440,2
1441,2
1442,7
1443,7
1444,2
1445,2
1446,2
1447,3
1448,2
1449,2
1450,2
1451,4
1452,6
1453,1
1454,2
1455,2
1456,0
1457,2
1458,2
1459,2
1460,2
1461,2
1462,0
1463,0
1464,2
1465,2
1466,2
1467,2
1468,7
1469,7
1470,0
1471,2
1472,6
1473,7
1474,6
1475,2
1476,0
1477,7
1478,1
1479,4
1480,2
1481,2
1482,3
1483,1
1484,0
1485,7
1486,7
1487,0
1488,2
1489,1
1490,2
1491,2
1492,2
1493,2
1494,2
1495,7
1496,6
1497,2
1498,2
1499,2
1500,1
1501,0
1502,3
1503,2
1504,6
1505,2
1506,2
1507,7
1508,2
1509,1
1510,2
1511,7
1512,1
1513,7
1514,7
1515,2
1516,7
1517,7
1518,2
1519,2
1520,2
1521,0
1522,2
1523,7
1524,2
1525,2
1526,2
1527,2
1528,1
1529,2
1530,2
1531,2
1532,6
1533,2
1534,2
1535,1
1536,4
1537,2
1538,2
1539,6
1540,0
1541,7
1542,5
1543,6
1544,0
1545,2
1546,2
1547,2
1548,2
1549,1
1550,6
1551,1
1552,6
1553,2
1554,1
1555,0
1556,1
1557,2
1558,2
1559,6
1560,2
1561,2
1562,7
1563,2
1564,2
1565,7
1566,7
1567,7
1568,2
1569,2
1570,6
1571,2
1572,2
1573,2
1574,1
1575,2
1576,0
1577,2
1578,2
1579,2
1580,7
1581,2
1582,0
1583,2
1584,2
1585,2
1586,0
1587,2
1588,2
1589,2
1590,2
1591,7
1592,2
1593,7
1594,0
1595,2
1596,5
1597,7
1598,1
1599,0
1600,2
1601,7
1602,2
1603,4
1604,2
1605,2
1606,2
1607,6
1608,1
1609,7
1610,2
1611,0
1612,2
1613,7
1614,2
1615,2
1616,0
1617,7
1618,3
1619,2
1620,7
1621,7
1622,0
1623,6
1624,5
1625,2
1626,2
1627,2
1628,2
1629,2
1630,2
1631,3
1632,2
1633,2
1634,1
1635,2
1636,0
1637,6
1638,7
1639,0
1640,2
1641,2
1642,2
1643,2
1644,2
1645,2
1646,2
1647,0
1648,2
1649,2
1650,1
1651,0
1652,2
1653,0
1654,2
1655,2
1656,2
1657,2
1658,7
1659,2
1660,1
1661,7
1662,2
1663,2
1664,7
1665,2
1666,0
1667,2
1668,2
1669,7
1670,2
1671,3
1672,3
1673,2
1674,2
1675,2
1676,3
1677,2
1678,2
1679,2
1680,2
1681,2
1682,3
1683,7
1684,2
1685,7
1686,1
1687,2
1688,2
1689,2
1690,6
1691,2
1692,1
1693,2
1694,2
1695,7
1696,0
1697,2
1698,7
1699,0
1700,2
1701,2
1702,1
1703,4
1704,2
1705,1
1706,2
1707,2
1708,2
1709,0
1710,2
1711,2
1712,3
1713,2
1714,2
1715,7
1716,1
1717,1
1718,7
1719,2
1720,2
1721,2
1722,2
1723,7
1724,2
1725,2
1726,1
1727,7
1728,2
1729,2
1730,2
1731,2
1732,2
1733,2
1734,2
1735,2
1736,4
1737,2
1738,0
1739,6
1740,0
1741,6
1742,0
1743,2
1744,0
1745,2
1746,2
1747,2
1748,6
1749,2
1750,2
1751,2
1752,4
1753,2
1754,2
1755,2
1756,2
1757,2
1758,2
1759,2
1760,2
1761,0
1762,2
1763,7
1764,7
1765,4
1766,6
1767,1
1768,7
1769,7
1770,2
1771,2
1772,2
1773,2
1774,6
1775,2
1776,2
1777,2
1778,0
1779,2
1780,2
1781,7
1782,0
1782,0
1783,2
1784,2
1785,2
1786,2
1787,2
1788,2
1789,2
1790,0
1791,1
1792,7
1793,2
1794,7
1795,1
1796,2
1797,0
1798,2
1799,2
1800,2
1801,2
1802,1
1803,3
1804,2
1805,3
1806,0
1807,1
1808,2
1809,2
1810,1
1811,5
1812,7
1813,2
1814,2
1815,3
1816,7
1817,2
1818,2
1819,2
1820,4
1821,2
1822,0
1823,0
1824,2
1825,2
1826,2
1827,1
1828,2
1829,2
1830,2
1831,2
1832,1
1833,7
1834,2
1835,6
1836,2
1837,2
1838,2
1839,1
1840,2
1841,2
1842,2
1843,2
1844,2
1845,7
1846,2
1847,7
1848,6
1849,6
1850,2
1851,6
1852,0
1853,2
1854,2
1855,2
1856,7
1857,2
1858,2
1859,1
1860,7
1861,2
1862,0
1863,6
1864,2
1865,7
1866,1
1867,2
1868,2
1869,7
1870,1
1871,0
1872,2
1873,4
1874,0
1875,7
1876,2
1877,4
1878,2
1879,2
1880,0
1881,2
1882,1
1883,3
1884,0
1885,2
1886,0
1887,7
1888,2
1889,1
1890,2
1891,7
1892,2
1893,0
1894,2
1895,2
1896,0
1897,2
1898,2
1899,7
1900,2
1901,2
1902,7
1903,4
1904,4
1905,2
1906,2
1907,2
1908,0
1909,2
1910,2
1911,2
1912,4
1913,1
1914,0
1915,6
1916,2
1917,7
1918,6
1919,2
1920,7
1921,3
1922,2
1923,2
1924,2
1925,6
1926,7
1927,7
1928,2
1929,2
1930,2
1931,6
1932,1
1933,2
1934,2
1935,2
1936,1
1937,7
1938,2
1939,2
1940,2
1941,2
1942,7
1943,7
1944,2
1945,2
1946,2
1947,2
1948,1
1949,2
1950,2
1951,7
1952,2
1953,7
1954,0
1955,3
1956,2
1957,7
1958,0
1959,2
1960,0
1961,7
1962,7
1963,2
1964,6
1965,2
1966,1
1967,1
1968,2
1969,2
1970,2
1971,2
1972,2
1972,2
1973,2
1974,7
1975,2
1976,2
1977,7
1978,2
1979,2
1980,7
1981,1
1982,0
1983,2
1984,0
1985,7
1986,6
1987,2
1988,0
1989,2
1990,2
1991,2
1992,2
1993,1
1994,7
1995,0
1996,2
1997,7
1998,2
1999,2
2000,2
2001,7
2002,2
2003,2
2004,2
2005,7
2006,6
2007,2
2008,2
2009,0
2010,2
2011,1
2012,2
2013,2
2014,7
2015,7
2016,2
2017,2
2018,1
2019,7
2020,7
2021,2
2022,2
2023,7
2024,7
2025,6
2026,5
2027,2
2028,1
2029,2
2030,1
2031,0
2032,2
2033,1
2034,2
2035,2
2036,4
2037,0
2038,1
2039,1
2040,4
2041,0
2042,2
2043,3
2044,2
2045,7
2046,7
2047,2
2048,2
2049,2
2050,2
2051,2
2052,7
2053,2
2054,2
2055,2
2056,2
2057,2
2058,2
2059,2
2060,2
2061,7
2062,2
2063,6
2064,2
2065,2
2066,7
2067,2
2068,2
2069,2
2070,4
2071,2
2072,2
2073,2
2074,7
2075,2
2076,2
2077,0
2078,2
2079,2
2080,2
2081,6
2082,2
2083,0
2084,2
2085,1
2086,2
2087,2
2088,7
2089,0
2090,2
2091,2
2092,2
2093,2
2094,2
2095,0
2096,7
2097,7
2098,5
2099,2
2100,7
2101,2
2102,1
2103,2
2104,2
2105,2
2106,2
2107,7
2108,0
2109,2
2110,0
2111,2
2112,7
2113,7
2114,7
2115,0
2116,1
2117,2
2118,0
2119,7
2120,2
2121,0
2122,2
2123,2
2124,1
2125,4
2126,2
2127,7
2128,2
2129,2
2130,2
2131,2
2132,2
2133,2
2134,2
2135,2
2136,2
2137,0
2138,1
2139,2
2140,2
2141,7
2142,2
2143,7
2144,3
2145,7
2146,2
2147,2
2148,1
2149,7
2150,7
2151,2
2152,2
2153,2
2154,2
2155,3
2156,2
2157,2
2158,1
2159,2
2160,2
2161,7
2162,6
2163,2
2164,2
2165,6
2166,2
2167,2
2168,2
2169,7
2170,2
2171,2
2172,2
2173,2
2174,0
2175,7
2176,2
2177,2
2178,2
2179,2
2180,2
2181,3
2182,7
2183,6
2184,2
2185,2
2186,2
2187,2
2188,2
2189,2
2190,2
2191,6
2192,2
2193,2
2194,3
2195,3
2196,2
2197,2
2198,2
2199,2
2200,2
2201,2
2202,2
2203,2
2204,2
2205,2
2206,1
2207,2
2208,2
2209,2
2210,2
2211,2
2212,0
2213,1
2214,7
2215,5
2216,2
2217,2
2218,2
2219,1
2220,2
2221,2
2222,2
2223,2
2224,2
2225,7
2226,7
2227,2
2228,2
2229,2
2230,2
2231,2
2232,4
2233,2
2234,3
2235,4
2236,0
2237,4
2238,2
2239,2
2240,2
2241,7
2242,2
2243,2
2244,2
2245,2
2246,3
2247,2
2248,0
2249,6
2250,1
2251,6
2252,2
2253,2
2254,2
2255,2
2256,0
2257,7
2258,6
2259,2
2260,0
2261,3
2262,6
2263,2
2264,7
2265,2
2266,2
2267,2
2268,1
2269,2
2270,2
2271,0
2272,2
2273,2
2274,2
2275,2
2276,4
2277,0
2278,7
2279,2
2280,2
2281,2
2282,2
2283,2
2284,2
2285,2
2286,2
2287,3
2288,0
2289,2
2290,2
2291,1
2292,7
2293,2
2294,2
2295,2
2296,2
2297,2
2298,2
2299,2
2300,2
2301,4
2302,2
2303,0
2304,2
2305,2
2306,0
2307,7
2308,3
2309,0
2310,2
2311,7
2312,2
2313,7
2314,2
2315,2
2316,5
2317,7
2318,2
2319,5
2320,6
2321,2
2322,7
2323,0
2324,0
2325,2
2326,1
2327,2
2328,2
2329,6
2330,2
2331,7
2332,2
2333,3
2334,2
2335,1
2336,2
2337,2
2338,2
2339,2
2340,2
2341,7
2342,2
2343,2
2344,2
2345,6
2346,2
2347,2
2348,1
2349,7
2350,4
2351,2
2352,2
2353,7
2354,6
2355,2
2356,2
2357,2
2358,0
2359,1
2360,2
2361,6
2362,2
2363,2
2364,6
2365,2
2366,7
2367,2
2368,7
2369,2
2370,7
2371,2
2372,2
2373,7
2374,2
2375,2
2376,7
2377,2
2378,2
2379,1
2380,7
2381,2
2382,4
2383,2
2384,2
2385,1
2386,2
2387,2
2388,2
2389,6
2390,1
2391,2
2392,2
2393,0
2394,2
2395,1
2396,2
2397,1
2398,7
2399,2
2400,2
2401,7
2402,2
2403,2
2404,2
2405,2
2406,2
2407,0
2408,0
2409,7
2410,2
2411,7
2412,2
2413,2
2414,4
2415,2
2416,0
2417,2
2418,7
2419,2
2420,2
2421,2
2422,2
2423,7
2424,7
2425,2
2426,7
2427,2
2428,2
2429,3
2430,2
2431,2
2432,2
2433,2
2434,2
2435,2
2436,1
2437,2
2438,2
2439,2
2440,2
2441,2
2442,4
2443,2
2444,2
2445,2
2446,2
2447,2
2448,7
2449,0
2450,7
2451,5
2452,2
2453,2
2454,7
2455,7
2456,1
2457,2
2458,1
2459,2
2460,2
2461,2
2462,2
2463,4
2464,7
2465,7
2466,1
2467,2
2468,2
2469,3
2470,2
2471,3
2472,2
2473,2
2474,4
2475,0
2476,2
2477,0
2478,2
2479,2
2480,0
2481,2
2482,7
2483,2
2484,3
2485,2
2486,0
2487,2
2488,7
2489,2
2490,2
2491,7
2492,0
2493,1
2494,2
2495,2
2496,2
2497,2
2498,2
2499,5
2500,2
2501,2
2502,2
2503,2
2504,2
2505,2
2506,2
2507,2
2508,2
2509,2
2510,2
2511,2
2512,6
2513,2
2514,1
2515,2
2516,3
2517,2
2518,7
2519,2
2520,2
2521,2
2522,2
2523,0
2524,2
2525,0
2526,5
2527,2
2528,2
2529,2
2530,2
2531,2
2532,7
2533,2
2534,2
2535,2
2536,0
2537,3
2538,7
2539,5
2540,1
2541,2
2542,2
2543,2
2544,2
2545,7
2546,2
2547,2
2548,2
2549,2
2550,2
2551,0
2552,2
2553,1
2554,7
2555,7
2556,7
2557,7
2558,2
2559,2
2560,0
2561,2
2562,6
2563,7
2564,2
2565,7
2566,7
2567,2
2568,2
2569,3
2570,2
2571,2
2572,0
2573,2
2574,2
2575,5
2576,2
2577,1
2578,2
2579,2
2580,2
2581,2
2582,2
2583,2
2584,2
2585,2
2586,2
2587,0
2588,2
2589,2
2590,2
2591,0
2592,0
2593,2
2594,1
2595,2
2596,2
2597,1
2598,5
2599,3
2600,2
2601,2
2602,7
2603,2
2604,2
2605,7
2606,2
2607,7
2608,1
2609,7
2610,2
2611,7
2612,7
2613,7
2614,2
2615,2
2616,2
2617,2
2618,2
2619,2
2620,2
2621,0
2622,0
2623,2
2624,0
2625,3
2626,7
2627,2
2628,2
2629,2
2630,2
2631,2
2632,2
2633,2
2634,2
2635,2
2636,2
2637,6
2638,2
2639,2
2640,2
2641,6
2642,2
2643,7
2644,0
2645,6
2646,7
2647,2
2648,0
2649,7
2650,2
2651,3
2652,1
2653,2
2654,7
2655,2
2656,4
2657,2
2658,7
2659,7
2660,2
2661,2
2662,6
2663,2
2664,2
2665,2
2666,2
2667,7
2668,2
2669,2
2670,4
2671,2
2672,5
2673,2
2674,2
2675,2
2676,2
2677,3
2678,7
2679,2
2680,2
2681,7
2682,0
2683,2
2684,2
2685,2
2686,2
2687,2
2688,0
2689,2
2690,0
2691,6
2692,7
2693,2
2694,2
2695,6
2696,2
2697,6
2698,1
2699,1
2700,6
2701,0
2702,2
2703,2
2704,7
2705,7
2706,2
2707,2
2708,2
2709,2
2710,2
2711,2
2712,7
2713,2
2714,2
2715,2
2716,1
2717,7
2718,2
2719,2
2720,2
2721,2
2722,2
2723,2
2724,7
2725,7
2726,2
2727,2
2728,2
2729,5
2730,7
2731,7
2732,6
2733,2
2734,2
2735,0
2736,2
2737,2
2738,2
2739,2
2740,1
2741,2
2742,2
2743,4
2744,2
2745,2
2746,2
2747,2
2748,7
2749,1
2750,2
2751,0
2752,3
2753,7
2754,6
2755,4
2756,1
2757,2
2758,7
2759,2
2760,2
2761,2
2762,2
2763,2
2764,1
2765,7
2766,2
2767,7
2768,2
2769,3
2770,1
2771,0
2772,1
2773,2
2774,7
2775,2
2776,2
2777,2
2778,2
2779,2
2780,2
2781,2
2782,2
2783,2
2784,1
2785,2
2786,4
2787,7
2788,2
2789,2
2790,2
2791,2
2792,2
2793,2
2794,2
2795,2
2796,0
2797,2
2798,2
2799,2
2800,0
2801,2
2802,2
2803,2
2804,2
2805,4
2806,1
2807,2
2808,2
2809,2
2810,2
2811,2
2812,7
2813,2
2814,2
2815,2
2816,2
2817,0
2818,2
2819,2
2820,7
2821,2
2822,2
2823,2
2824,6
2825,2
2826,2
2827,0
2828,7
2829,0
2830,7
2831,2
2832,2
2833,7
2834,4
2835,2
2836,7
2837,0
2838,7
2839,2
2840,0
2841,2
2842,2
2843,7
2844,2
2845,2
2846,2
2847,2
2848,2
2849,2
2850,2
2851,6
2852,2
2853,5
2854,2
2855,0
2856,2
2857,2
2858,7
2859,2
2860,0
2861,6
2862,2
2863,2
2864,2
2865,1
2866,2
2867,2
2868,3
2869,7
2870,7
2871,7
2872,2
2873,2
2874,7
2875,2
2876,7
2877,2
2878,7
2879,7
2880,0
2881,2
2882,2
2883,7
2884,2
2885,2
2886,2
2887,2
2888,2
2889,2
2890,2
2891,2
2892,0
2893,7
2894,2
2895,6
2896,2
2897,2
2898,2
2899,7
2900,2
2901,7
2902,2
2903,2
2904,2
2905,5
2906,1
2907,2
2908,1
2909,2
2910,7
2911,0
2912,2
2913,7
2914,2
2915,1
2916,2
2917,1
2918,6
2919,2
2920,2
2921,2
2922,2
2923,7
2924,2
2925,2
2926,2
2926,2
2926,2
2926,2
2926,2
2926,6
2926,2
2927,1
2928,2
2929,2
2930,2
2931,6
2932,0
2933,7
2934,7
2935,2
2936,3
2937,2
2938,2
2939,2
2940,2
2941,3
2942,7
2943,2
2944,2
2945,2
2946,1
2947,0
2948,3
2949,1
2950,2
2951,0
2952,2
2953,2
2954,2
2955,7
2956,2
2957,1
2958,1
2959,0
2960,2
2961,2
2962,1
2963,2
2964,2
2965,6
2966,2
2967,2
2968,2
2969,2
2970,2
2971,2
2972,6
2973,3
2974,2
2975,2
2976,7
2977,7
2978,7
2979,2
2980,1
2981,2
2982,1
2983,2
2984,2
2985,7
2986,1
2987,1
2988,2
2989,2
2989,2
2989,2
2989,2
2990,6
2991,6
2992,2
2993,1
2994,6
2995,7
2996,2
2997,6
2998,2
2999,5
3000,2
3001,2
3002,2
3003,2
3004,7
3005,1
3006,2
3007,2
3008,2
3009,2
3010,2
3011,2
3012,1
3013,2
3014,0
3015,2
3016,0
3017,2
3018,2
3019,2
3020,0
3021,2
3022,2
3023,2
3024,2
3025,2
3026,7
3027,2
3028,2
3029,2
3030,7
3031,2
3032,7
3033,7
3034,3
3035,7
3036,2
3037,1
3038,2
3039,2
3040,0
3041,0
3042,2
3043,6
3044,1
3045,2
3046,2
3047,2
3048,4
3049,1
3050,2
3051,0
3052,1
3053,2
3054,2
3055,2
3056,2
3057,2
3058,2
3059,7
3060,7
3061,2
3062,4
3063,7
3064,0
3065,1
3066,0
3067,2
3068,1
3069,2
3070,2
3071,5
3072,1
3073,2
3074,2
3075,2
3076,7
3077,0
3078,2
3079,2
3080,2
3081,2
3082,2
3083,2
3084,0
3085,2
3086,2
3087,1
3088,2
3089,2
3090,2
3091,2
3092,3
3092,3
3093,2
3094,7
3095,2
3096,2
3097,7
3098,2
3099,7
3100,2
3101,2
3102,7
3103,7
3104,1
3105,6
3106,2
3107,2
3108,2
3109,2
3110,7
3111,2
3112,6
3113,3
3114,7
3115,2
3116,4
3117,7
3118,2
3119,5
3120,7
3121,2
3122,2
3123,7
3124,2
3125,2
3126,2
3127,7
3128,1
3129,1
3130,5
3131,2
3132,2
3133,2
3134,2
3135,7
3136,2
3137,2
3138,1
3139,6
3140,2
3141,2
3142,4
3143,2
3144,0
3145,7
3146,2
3147,3
3148,7
3149,0
3150,2
3151,2
3152,2
3153,2
3154,1
3155,0
3156,2
3157,2
3158,2
3159,2
3160,2
3161,6
3162,2
3163,7
3164,0
3165,0
3166,2
3167,7
3168,7
3169,7
3170,2
3171,2
3172,2
3173,3
3174,7
3175,7
3176,6
3177,2
3178,2
3179,3
3180,2
3181,2
3182,3
3183,7
3184,0
3185,2
3186,0
3187,2
3188,2
3189,0
3190,2
3191,7
3192,2
3193,2
3194,2
3195,2
3196,2
3197,0
3198,2
3199,2
3200,7
3201,2
3202,7
3203,6
3204,3
3205,0
3206,7
3207,2
3208,4
3209,7
3210,2
3211,2
3212,2
3213,2
3214,2
3215,0
3216,2
3217,2
3218,2
3219,2
3220,0
3221,2
3222,1
3223,2
3224,2
3225,4
3226,2
3227,2
3228,2
3229,2
3230,1
3231,2
3232,7
3233,2
3234,6
3235,2
3236,2
3237,7
3238,2
3239,2
3240,2
3241,2
3242,2
3243,3
3244,7
3245,2
3246,2
3247,4
3248,2
3249,2
3250,2
3251,7
3252,2
3253,4
3254,7
3255,3
3256,2
3257,2
3258,2
3259,4
3260,0
3261,2
3262,2
3263,2
3264,1
3265,1
3266,2
3267,2
3268,1
3269,2
3270,5
3271,2
3272,2
3273,2
3274,1
3275,2
3276,2
3277,1
3278,2
3279,0
3280,4
3281,2
3282,2
3283,7
3284,7
3285,2
3286,2
3287,1
3288,6
3289,1
3290,0
3291,2
3292,2
3293,0
3294,4
3295,2
3296,2
3297,1
3298,2
3299,2
3300,2
3301,2
3302,2
3303,2
3304,2
3305,7
3306,2
3307,2
3308,2
3309,1
3310,2
3311,1
3312,0
3313,7
3314,1
3315,1
3316,6
3317,7
3318,2
3319,2
3320,2
3321,0
3322,2
3323,7
3324,2
3325,2
3326,3
3327,2
3328,7
3329,2
3330,7
3331,2
3332,2
3333,2
3334,7
3335,2
3336,2
3337,2
3338,2
3339,1
3340,7
3341,2
3342,7
3343,2
3344,2
3345,0
3346,2
3347,2
3348,7
3349,7
3350,7
3351,2
3352,3
3353,2
3354,2
3355,2
3356,0
3357,2
3358,7
3359,0
3360,2
3361,2
3362,7
3363,2
3364,2
3365,7
3366,2
3367,5
3368,7
3369,2
3370,2
3371,2
3372,2
3373,2
3374,7
3375,6
3376,2
3377,2
3378,2
3379,2
3380,2
3381,2
3382,2
3383,4
3384,2
3385,2
3386,2
3387,2
3388,2
3389,6
3390,2
3391,3
3392,2
3393,2
3394,2
3395,7
3396,7
3397,2
3398,2
3399,2
3400,0
3401,6
3402,2
3403,2
3404,2
3405,2
3406,7
3407,2
3408,2
3409,2
3410,2
